model,AMPS_Hard,code_completion,code_generation,connections,consecutive_events,integrals_with_game,javascript,logic_with_navigation,math_comp,olympiad,paraphrase,plot_unscrambling,python,simplify,spatial,story_generation,summarize,tablejoin,tablereformat,theory_of_mind,typescript,typos,zebra_puzzle,nq_AMPS_Hard,nq_code_completion,nq_code_generation,nq_connections,nq_consecutive_events,nq_integrals_with_game,nq_javascript,nq_logic_with_navigation,nq_math_comp,nq_olympiad,nq_paraphrase,nq_plot_unscrambling,nq_python,nq_simplify,nq_spatial,nq_story_generation,nq_summarize,nq_tablejoin,nq_tablereformat,nq_theory_of_mind,nq_typescript,nq_typos,nq_zebra_puzzle,avg_input_tokens,avg_output_tokens,input_price_per_million,output_price_per_million
deepseek-v4-pro,0.3618,0.2927,0.4335,1.1945,4.8001,7.6773,1.2986,1.3015,1.5286,3.8123,1.2097,0.8195,0.8245,1.035,1.1736,0.8422,0.941,1.4651,0.1512,2.0217,3.4,0.1168,3.8612,100,46,71,50,47,100,22,50,102,77,50,50,19,50,50,50,50,52,51,52,27,50,50,96617,35014,0.435,0.87
minimax-m3,0.3416,0.3168,0.422,0.7462,3.4049,3.674,4.7796,0.5763,0.9437,1.1001,1.1241,0.6972,4.5492,0.9813,0.5243,0.8252,0.8864,0.7257,0.1823,0.4291,21.2123,0.1648,2.3803,100,46,71,50,47,100,22,50,102,77,50,50,20,50,50,50,50,52,51,52,30,50,50,331869,15530,0.3,1.2
kimi-k2.7-code,0.5819,0.8355,0.8216,1.3963,10.158,11.4094,7.7963,2.3841,2.1515,4.0601,2.7538,3.4542,6.6147,2.5998,1.3815,1.9603,2.1367,2.6118,0.5836,3.2884,30.1605,0.3385,3.7352,100,46,71,50,47,100,22,50,102,77,50,50,20,50,50,50,50,52,51,52,30,50,50,138127,13007,0.95,4
kimi-k2.6-thinking,1.5142,1.3505,1.9175,5.2211,12.5083,21.9097,14.514,4.2483,4.5579,7.8367,3.6765,4.1842,10.1692,3.9214,3.1094,3.0444,2.7652,5.2091,1.0471,4.663,33.0036,0.8503,6.0012,100,46,71,50,47,100,22,50,102,77,50,50,20,50,50,50,50,52,51,52,30,50,50,77968,27001,0.95,4
qwen3.7-max,2.4497,1.0987,2.0062,1.997,13.7477,36.0024,15.4083,5.3916,6.0642,3.664,4.2576,2.4092,11.6996,4.0372,4.4381,3.9201,3.603,1.8632,2.5036,1.5234,30.2132,1.112,9.2771,100,46,71,50,47,100,22,50,102,77,50,50,20,50,50,50,50,52,51,52,29,50,50,60711,12909,2.5,7.5
gpt-5.2-codex,1.8859,1.5988,1.8486,4.3947,22.8094,24.3917,15.3521,7.0443,5.0861,9.5414,3.7657,5.8009,6.1789,3.3745,3.2051,3.6011,3.424,5.8971,1.1831,13.3448,21.2584,0.5076,10.5383,100,46,71,50,47,100,22,50,102,77,50,50,19,50,50,50,50,52,51,52,29,50,50,36975,9146,1.75,14
glm-5.2,1.9068,1.8906,4.0603,4.7043,13.6714,24.6062,19.5664,7.2618,4.3864,5.4614,3.5369,2.5076,20.8417,3.4006,2.8834,3.2935,2.1633,2.2866,1.058,5.8512,71.3257,0.6082,8.3653,100,46,71,50,47,100,20,50,102,77,50,50,20,50,50,50,50,52,51,52,30,50,50,229433,23463,1.4,4.4
gpt-5.2-2025-12-11-high,1.345,1.3874,1.9742,1.9068,22.2134,27.061,31.3446,4.7384,4.85,7.9521,6.2153,3.7762,23.222,4.5995,2.0256,4.598,4.9272,1.6977,1.0306,3.9217,47.7414,0.5961,12.2753,100,46,71,50,47,100,22,50,101,75,50,50,20,50,50,50,50,52,51,52,26,50,43,50836,11512,1.75,14
gemini-3.5-flash-high,2.8788,2.9346,4.9094,2.1636,25.9843,36.5173,16.4849,8.8282,6.4087,6.5101,7.4329,5.2138,21.138,6.7386,3.6924,6.3501,6.0812,6.9276,3.9423,4.7356,35.7337,1.5401,12.8185,100,46,71,50,47,100,22,50,102,77,50,50,20,50,50,50,50,52,51,52,30,50,50,108280,15522,1.5,9.0
gemini-3.1-pro-preview-high,4.4957,3.0368,6.0119,2.344,28.505,43.6557,15.005,9.9464,8.8926,7.8099,7.4282,10.0822,13.8203,6.903,4.9059,6.9235,6.6073,6.4908,3.9294,4.2992,42.8267,2.1866,10.8268,100,46,71,50,47,100,22,50,102,77,50,50,20,50,50,50,50,52,51,52,30,50,50,99082,13380,2,12
claude-sonnet-4-6-thinking-auto-medium-effort,3.0321,0.2123,0.4806,3.8448,45.5185,63.7808,2.9937,5.6744,9.1196,12.234,15.3888,4.73,1.966,11.7025,3.4816,11.7362,10.8314,2.063,1.3591,6.4852,13.356,0.5793,26.2383,100,46,71,50,47,100,22,50,102,77,50,50,19,50,50,50,50,52,51,52,30,50,50,1328,13226,3,15
claude-opus-4-6-thinking-auto-high-effort,5.0945,1.241,2.2672,7.4368,52.6755,64.7424,7.7448,9.7761,12.9657,13.5898,19.1999,6.4985,5.1279,17.1237,5.3322,14.5749,16.0976,5.3821,2.1068,14.0111,13.4266,1.1948,26.9265,100,46,71,50,47,100,22,50,102,77,50,50,20,50,50,50,50,52,51,52,30,50,50,1935,9835,5,25
claude-opus-4-7-xhigh-effort,3.1831,0.8499,2.5033,2.6156,68.5964,93.1136,8.3996,9.1399,4.7487,12.2324,16.7667,10.4878,11.0003,12.917,3.6366,13.8715,12.299,3.9442,2.1953,7.1279,29.1909,1.4981,41.2107,100,46,71,50,47,99,22,50,101,77,50,50,20,50,50,50,50,52,51,52,30,50,50,1287,11463,5,25
gpt-5.4-xhigh,2.0276,10.6719,20.5204,7.9421,27.8781,43.1259,33.6702,11.008,5.9638,12.8719,13.95,18.1197,26.9386,11.7856,3.9652,10.2958,12.7181,11.6063,2.7819,14.1208,63.8613,2.4179,13.8552,100,46,71,50,47,100,22,50,102,77,50,50,19,50,50,50,50,52,51,52,28,50,50,76993,18196,2.5,15
claude-opus-4-8-xhigh-effort,4.5242,0.8778,2.4879,3.8393,96.7555,113.263,25.0107,19.872,11.8425,17.6809,14.4209,32.7644,23.8347,14.777,5.9166,11.9089,10.0024,10.7594,2.3686,12.9135,39.6365,1.721,35.905,100,46,71,50,47,100,22,50,102,77,50,50,20,50,50,50,50,52,51,52,30,50,50,1258,15909,5,25
gpt-5.5-xhigh,2.2198,5.6389,12.3428,4.7743,47.4464,51.423,61.899,14.0512,6.3185,14.4225,14.1513,22.1269,55.5874,11.1038,5.4863,10.5239,9.7203,9.5914,3.7872,15.8573,135.1512,1.5801,23.0294,100,46,71,50,47,100,21,50,102,77,50,50,19,50,50,50,50,52,51,52,27,50,50,95929,11355,5,30
claude-opus-4-5-20251101-thinking-64k-high-effort,9.8481,5.9619,14.4338,14.6393,63.5301,91.4336,24.0613,24.5651,36.3582,15.628,21.0715,11.0538,20.7437,21.1212,12.8197,18.3584,19.503,9.8954,4.3174,20.0765,57.6802,2.2473,43.3407,100,46,71,50,47,100,22,50,102,77,50,50,20,50,50,50,50,52,51,52,30,50,50,79045,15203,5,25
